id,username,is_verified,profile_pic
41099948917,al_sor47,,https://scontent-iev1-1.cdninstagram.com/v/t51.2885-19/285781819_1043522203258061_451399143500564195_n.jpg?stp=dst-jpg_s150x150&_nc_ht=scontent-iev1-1.cdninstagram.com&_nc_cat=105&_nc_ohc=ZKAcOAE8bsAAX9iAvkx&edm=AMrZAGUBAAAA&ccb=7-5&oh=00_AfCXUbIu5v38HcBkjzuJS0UY_BdosjGib2yMK0l9ceOHzA&oe=660DD319&_nc_sid=17eaee
1643928842,_n_bazir,,https://instagram.fiev6-1.fna.fbcdn.net/v/t51.2885-19/404896099_1487616875305006_652603701843437012_n.jpg?stp=dst-jpg_s150x150&_nc_ht=instagram.fiev6-1.fna.fbcdn.net&_nc_cat=110&_nc_ohc=kqI8ijh54zsAX9_yP5G&edm=AMrZAGUBAAAA&ccb=7-5&oh=00_AfApLFX-bXqQwIHOvWpv695ilIVlK8gKz2AL55-bxCKfkw&oe=660DF04D&_nc_sid=17eaee
4532154421,sobakagardemarinutka,,https://instagram.fiev6-1.fna.fbcdn.net/v/t51.2885-19/428028216_1048427369577046_4051809627458820845_n.jpg?stp=dst-jpg_s150x150&_nc_ht=instagram.fiev6-1.fna.fbcdn.net&_nc_cat=110&_nc_ohc=ZpZrVpT8MAQAX_-eDNK&edm=AMrZAGUBAAAA&ccb=7-5&oh=00_AfAFNB9m_3o-R7A7rq4ZcncjMI8rpA516gSgBZcam2zerQ&oe=660DF69B&_nc_sid=17eaee
3174829871,paskevych.mur,,https://instagram.fiev6-1.fna.fbcdn.net/v/t51.2885-19/365930537_989906415664988_894449942726300097_n.jpg?stp=dst-jpg_s150x150&_nc_ht=instagram.fiev6-1.fna.fbcdn.net&_nc_cat=108&_nc_ohc=xo9H2V316fAAX-FFrhB&edm=AMrZAGUBAAAA&ccb=7-5&oh=00_AfAn8EHc5ZjzFp2fnGnkIzG_acHu9L3MRmkxkUqZMDF0KA&oe=660DFD59&_nc_sid=17eaee
5718412049,kompanietsnazar,,https://scontent-iev1-1.cdninstagram.com/v/t51.2885-19/271843046_616144652989874_7572163181110874987_n.jpg?stp=dst-jpg_s150x150&_nc_ht=scontent-iev1-1.cdninstagram.com&_nc_cat=102&_nc_ohc=wXRy2Z_1JYwAX9hM_XA&edm=AMrZAGUBAAAA&ccb=7-5&oh=00_AfAkDWlVP25z9dYpYQISbbuQ4ltjya1BHRp-uG_cXzJdOg&oe=660DD912&_nc_sid=17eaee
2868781400,kpetrynka,,https://scontent-iev1-1.cdninstagram.com/v/t51.2885-19/395010769_1380226059324348_8038815133101032342_n.jpg?stp=dst-jpg_s150x150&_nc_ht=scontent-iev1-1.cdninstagram.com&_nc_cat=100&_nc_ohc=yVq3pXStTfwAX86WS5C&edm=AMrZAGUBAAAA&ccb=7-5&oh=00_AfBNc-I-LknUXkZbwzlZgao5WBRg1vracrOB6I8mugORcw&oe=660DE0CC&_nc_sid=17eaee
52578042929,polin.istomina,,
2868781400,kpetrynka,,
9516001432,vitaliyserhiychuk,,https://instagram.fiev6-1.fna.fbcdn.net/v/t51.2885-19/147648175_250677209915198_223394306541846993_n.jpg?stp=dst-jpg_s150x150&_nc_ht=instagram.fiev6-1.fna.fbcdn.net&_nc_cat=102&_nc_ohc=0yLF0M0feYEAX8FLQI9&edm=AMrZAGUBAAAA&ccb=7-5&oh=00_AfALABBvx2D9ESShoM8EjNSDIrVsisiqZN7DstpJL2ApmA&oe=660DF600&_nc_sid=17eaee
3885867993,turkeeevych,,https://scontent-iev1-1.cdninstagram.com/v/t51.2885-19/387772054_711416124184475_7751322751491949545_n.jpg?stp=dst-jpg_s150x150&_nc_ht=scontent-iev1-1.cdninstagram.com&_nc_cat=111&_nc_ohc=D7M-G8meNvoAX9U84xu&edm=AMrZAGUBAAAA&ccb=7-5&oh=00_AfCrxIWWetmIoBP8iMM_RxETQXGhyRmYa8B_LM_5c26d8A&oe=660DEAF5&_nc_sid=17eaee
2868781400,kpetrynka,,https://scontent-iev1-1.cdninstagram.com/v/t51.2885-19/395010769_1380226059324348_8038815133101032342_n.jpg?stp=dst-jpg_s150x150&_nc_ht=scontent-iev1-1.cdninstagram.com&_nc_cat=100&_nc_ohc=yVq3pXStTfwAX86WS5C&edm=AMrZAGUBAAAA&ccb=7-5&oh=00_AfBNc-I-LknUXkZbwzlZgao5WBRg1vracrOB6I8mugORcw&oe=660DE0CC&_nc_sid=17eaee
583933066,a.lyona.sun,,https://scontent-iev1-1.cdninstagram.com/v/t51.2885-19/383061052_702895995040398_6696218857754017368_n.jpg?stp=dst-jpg_s150x150&_nc_ht=scontent-iev1-1.cdninstagram.com&_nc_cat=106&_nc_ohc=cg-qNYCG1_kAX9N4XW9&edm=AMrZAGUBAAAA&ccb=7-5&oh=00_AfDPA0xGxLvn447PqtW_zKKwn8c-7IkNDhCbNVRzwJgGnA&oe=660DD6AC&_nc_sid=17eaee
2264544856,pe3enk0,,https://scontent-ams2-1.cdninstagram.com/v/t51.2885-19/44884218_345707102882519_2446069589734326272_n.jpg?_nc_ht=scontent-ams2-1.cdninstagram.com&_nc_cat=1&_nc_ohc=xgrAudq6dhIAX8v2xyy&edm=AAAAAAABAAAA&ccb=7-5&ig_cache_key=YW5vbnltb3VzX3Byb2ZpbGVfcGlj.2-ccb7-5&oh=00_AfABpAxfjph0B7fc5qsheUCVngzJp4hPDvK4YhWGhHzm2Q&oe=660DD4CF&_nc_sid=2c5659
5787774124,alexander_langenfelder,,https://instagram.fiev6-1.fna.fbcdn.net/v/t51.2885-19/353415091_585407670248887_2967900472216434937_n.jpg?stp=dst-jpg_s150x150&_nc_ht=instagram.fiev6-1.fna.fbcdn.net&_nc_cat=107&_nc_ohc=w8YI6IC59Y4AX-GVnxn&edm=AMrZAGUBAAAA&ccb=7-5&oh=00_AfAMb0F6gm7XPG3ARYyFGuefBPIUJDLyyxTckMuWPEJz3w&oe=660DEFB9&_nc_sid=17eaee
32903293211,yegqr,,https://scontent-iev1-1.cdninstagram.com/v/t51.2885-19/372529631_1020542676067339_2111459410263535044_n.jpg?stp=dst-jpg_s150x150&_nc_ht=scontent-iev1-1.cdninstagram.com&_nc_cat=107&_nc_ohc=eGBHwGxEUf8AX_LTfsS&edm=AMrZAGUBAAAA&ccb=7-5&oh=00_AfD_qVxqf5twdr3Wa9NpBAHRw06egOHDBCTF1mE3MebUEQ&oe=660DE5B1&_nc_sid=17eaee
9845804953,svitlana_den,,https://instagram.fiev6-1.fna.fbcdn.net/v/t51.2885-19/364327488_608736678048979_7375912800602873802_n.jpg?stp=dst-jpg_s150x150&_nc_ht=instagram.fiev6-1.fna.fbcdn.net&_nc_cat=107&_nc_ohc=MsE7F9JZBzcAX9DI2OH&edm=AMrZAGUBAAAA&ccb=7-5&oh=00_AfDyTZn7pR7onAu5yLqp-x5xsJPVTg3N8xEFWgAJ0mVV_w&oe=660E1451&_nc_sid=17eaee
2868781400,kpetrynka,,https://instagram.fiev6-1.fna.fbcdn.net/v/t51.2885-19/395010769_1380226059324348_8038815133101032342_n.jpg?stp=dst-jpg_s150x150&_nc_ht=instagram.fiev6-1.fna.fbcdn.net&_nc_cat=100&_nc_ohc=yVq3pXStTfwAX-ZEH9F&edm=AMrZAGUBAAAA&ccb=7-5&oh=00_AfDVE0knEqauVJ3sem0k7lHBOmESUoidKMfzjJpWvZtdig&oe=660DE0CC&_nc_sid=17eaee
51992171200,vo.simkiv,,https://instagram.fiev6-1.fna.fbcdn.net/v/t51.2885-19/432116891_404900258793109_3746136115049771065_n.jpg?stp=dst-jpg_s150x150&_nc_ht=instagram.fiev6-1.fna.fbcdn.net&_nc_cat=101&_nc_ohc=YSYYf27dgyMAX-VZRBL&edm=AMrZAGUBAAAA&ccb=7-5&oh=00_AfA66QCew44b7qbbysIwGVkZxDYWlB57zHkFdgBss8-lYg&oe=660DFD90&_nc_sid=17eaee
496062423,liparubtsova,,https://scontent-iev1-1.cdninstagram.com/v/t51.2885-19/62148500_868171530226135_7725297588722728960_n.jpg?stp=dst-jpg_s150x150&_nc_ht=scontent-iev1-1.cdninstagram.com&_nc_cat=107&_nc_ohc=AnjqJUZEQoEAX9u6yxP&edm=AMrZAGUBAAAA&ccb=7-5&oh=00_AfD1V5I_7bY5HXwPNZ3lOLSDOmfLKz-fea23goinkgHB8A&oe=660DE845&_nc_sid=17eaee
64655533308,kse_meeting_auction,,https://instagram.fiev6-1.fna.fbcdn.net/v/t51.2885-19/427666117_424880886632391_8456744437262568953_n.jpg?stp=dst-jpg_s150x150&_nc_ht=instagram.fiev6-1.fna.fbcdn.net&_nc_cat=103&_nc_ohc=_K0p807vVTIAX-Tt7f8&edm=AMrZAGUBAAAA&ccb=7-5&oh=00_AfD0tR1HI7A1_N_tFlhG91ZTP6wnR7U6gqBcGaXp2Qveuw&oe=660E014F&_nc_sid=17eaee
9148528226,alice.prasol,,https://instagram.fiev6-1.fna.fbcdn.net/v/t51.2885-19/428258145_912506620330655_8620675730088129469_n.jpg?stp=dst-jpg_s150x150&_nc_ht=instagram.fiev6-1.fna.fbcdn.net&_nc_cat=111&_nc_ohc=qbeyK5qeVd0AX8VodNR&edm=AMrZAGUBAAAA&ccb=7-5&oh=00_AfBcaQmJxe-3rXB8qc3HWChz7JI2j4I_0ydHL_U-XOyDLA&oe=660DF33A&_nc_sid=17eaee
13358097475,a.liagusha,,https://instagram.fiev6-1.fna.fbcdn.net/v/t51.2885-19/376790394_833661745089475_2863192458255658978_n.jpg?stp=dst-jpg_s150x150&_nc_ht=instagram.fiev6-1.fna.fbcdn.net&_nc_cat=107&_nc_ohc=11uetUcMpLsAX-QQa4Y&edm=AMrZAGUBAAAA&ccb=7-5&oh=00_AfBLyLsq8kA9nb4JeDLgd_wQu_RfHzTkRjvwEL1K9R2nHA&oe=660DE7DC&_nc_sid=17eaee
7251153549,_less_less_,,https://instagram.fiev6-1.fna.fbcdn.net/v/t51.2885-19/419973477_391787886636786_2844301983125448715_n.jpg?stp=dst-jpg_s150x150&_nc_ht=instagram.fiev6-1.fna.fbcdn.net&_nc_cat=106&_nc_ohc=MPqOyO3rznkAX9Z_nnb&edm=AMrZAGUBAAAA&ccb=7-5&oh=00_AfDNFgYebYsJKOapv_eF4HW4ZrwQFKGk_NUSav-kcL0aDA&oe=660DE487&_nc_sid=17eaee
11626311422,sheludko.aleksandra,,https://scontent-iev1-1.cdninstagram.com/v/t51.2885-19/52703816_333068137333979_3172404935228653568_n.jpg?stp=dst-jpg_s150x150&_nc_ht=scontent-iev1-1.cdninstagram.com&_nc_cat=111&_nc_ohc=U11CwFwPRPgAX-QwoJp&edm=AMrZAGUBAAAA&ccb=7-5&oh=00_AfAGKRk8zl9nQP_NUrMx4IXrL3Wc0VHSfr0vK69_AY0knQ&oe=660DD810&_nc_sid=17eaee
3885867993,turkeeevych,,https://instagram.fiev6-1.fna.fbcdn.net/v/t51.2885-19/387772054_711416124184475_7751322751491949545_n.jpg?stp=dst-jpg_s150x150&_nc_ht=instagram.fiev6-1.fna.fbcdn.net&_nc_cat=111&_nc_ohc=D7M-G8meNvoAX9eg6Rp&edm=AMrZAGUBAAAA&ccb=7-5&oh=00_AfCMw0KBl3eLntxFYHzlK3b8ik5eFA5uGcpBb_AU2Ar38A&oe=660DEAF5&_nc_sid=17eaee
64655533308,kse_meeting_auction,,https://instagram.fiev6-1.fna.fbcdn.net/v/t51.2885-19/427666117_424880886632391_8456744437262568953_n.jpg?stp=dst-jpg_s150x150&_nc_ht=instagram.fiev6-1.fna.fbcdn.net&_nc_cat=103&_nc_ohc=_K0p807vVTIAX-Tt7f8&edm=AMrZAGUBAAAA&ccb=7-5&oh=00_AfD0tR1HI7A1_N_tFlhG91ZTP6wnR7U6gqBcGaXp2Qveuw&oe=660E014F&_nc_sid=17eaee
65351811887,katya._fedortsova,,https://scontent-iev1-1.cdninstagram.com/v/t51.2885-19/432142401_1495435374653594_2914653586608911679_n.jpg?stp=dst-jpg_s150x150&_nc_ht=scontent-iev1-1.cdninstagram.com&_nc_cat=102&_nc_ohc=Ly8KKnmUSOoAX9tta0g&edm=AMrZAGUBAAAA&ccb=7-5&oh=00_AfB9c6GK-c8ANKfMNW7Sbb8BaC_3mWYOVSp640yMCgnA3Q&oe=660DE66C&_nc_sid=17eaee
64655533308,kse_meeting_auction,,https://scontent-iev1-1.cdninstagram.com/v/t51.2885-19/427666117_424880886632391_8456744437262568953_n.jpg?stp=dst-jpg_s150x150&_nc_ht=scontent-iev1-1.cdninstagram.com&_nc_cat=103&_nc_ohc=_K0p807vVTIAX9dldFK&edm=AMrZAGUBAAAA&ccb=7-5&oh=00_AfBqLd0QACBs_CiKbNGuYs3aKGsSnrvi72X84ZSCtwv1ZQ&oe=660E014F&_nc_sid=17eaee
1993660160,dr.radiiovskyi,,https://scontent-iev1-1.cdninstagram.com/v/t51.2885-19/313808609_6088197891209914_1569327139573883382_n.jpg?stp=dst-jpg_s150x150&_nc_ht=scontent-iev1-1.cdninstagram.com&_nc_cat=110&_nc_ohc=qQjsymmPMBwAX9WjAFy&edm=AMrZAGUBAAAA&ccb=7-5&oh=00_AfBAqwZULba6InlO0GT-m6lJkOkO5G6qV1teIDgu7tY85g&oe=660DDCD2&_nc_sid=17eaee
64655533308,kse_meeting_auction,,https://scontent-iev1-1.cdninstagram.com/v/t51.2885-19/427666117_424880886632391_8456744437262568953_n.jpg?stp=dst-jpg_s150x150&_nc_ht=scontent-iev1-1.cdninstagram.com&_nc_cat=103&_nc_ohc=_K0p807vVTIAX9dldFK&edm=AMrZAGUBAAAA&ccb=7-5&oh=00_AfBqLd0QACBs_CiKbNGuYs3aKGsSnrvi72X84ZSCtwv1ZQ&oe=660E014F&_nc_sid=17eaee
9845804953,svitlana_den,,https://scontent-iev1-1.cdninstagram.com/v/t51.2885-19/364327488_608736678048979_7375912800602873802_n.jpg?stp=dst-jpg_s150x150&_nc_ht=scontent-iev1-1.cdninstagram.com&_nc_cat=107&_nc_ohc=MsE7F9JZBzcAX8mwymx&edm=AMrZAGUBAAAA&ccb=7-5&oh=00_AfD7utNPp3F3FzQz699CwgGuex8r6EVRPyLsYzXkjhbc0Q&oe=660DDC11&_nc_sid=17eaee
1597015147,taraspavlov,,https://scontent-iev1-1.cdninstagram.com/v/t51.2885-19/431095528_362404053284881_3197340847442330461_n.jpg?stp=dst-jpg_s150x150&_nc_ht=scontent-iev1-1.cdninstagram.com&_nc_cat=101&_nc_ohc=to7uDmsZn_IAX-YxW7C&edm=AMrZAGUBAAAA&ccb=7-5&oh=00_AfAWD9pdiOqfV1zi029RgQYhSrgoscVO4rI9Gn1dAvlOtg&oe=660DEEDF&_nc_sid=17eaee
2214631819,nastasusko,,https://scontent-iev1-1.cdninstagram.com/v/t51.2885-19/409971550_3565078363754354_3445013240043275404_n.jpg?stp=dst-jpg_s150x150&_nc_ht=scontent-iev1-1.cdninstagram.com&_nc_cat=102&_nc_ohc=0-DrDzT9rDAAX_8TJaN&edm=AMrZAGUBAAAA&ccb=7-5&oh=00_AfCtncmuYTXnPvfMlkY0ykAGdUXV-3JOHl-4quQXLIF_Yw&oe=660DD650&_nc_sid=17eaee
37030831630,callsign_a,,https://scontent.cdninstagram.com/v/t51.2885-19/44884218_345707102882519_2446069589734326272_n.jpg?_nc_ht=scontent.cdninstagram.com&_nc_cat=1&_nc_ohc=xgrAudq6dhIAX-9atlK&edm=ALgcO5sBAAAA&ccb=7-5&ig_cache_key=YW5vbnltb3VzX3Byb2ZpbGVfcGlj.2-ccb7-5&oh=00_AfDsrWxWLCegWmPWqzTgo1-xoS-e0QI_gb05KTeblhWjKA&oe=660E0D0F&_nc_sid=db5f6e
37030831630,callsign_a,,https://scontent-ams2-1.cdninstagram.com/v/t51.2885-19/44884218_345707102882519_2446069589734326272_n.jpg?_nc_ht=scontent-ams2-1.cdninstagram.com&_nc_cat=1&_nc_ohc=xgrAudq6dhIAX9Z7q7X&edm=AAAAAAABAAAA&ccb=7-5&ig_cache_key=YW5vbnltb3VzX3Byb2ZpbGVfcGlj.2-ccb7-5&oh=00_AfB-STNdAB1YzjrTnQfdzOGwSGCQi31ZDjKAzKJWZEGhWQ&oe=660DD4CF&_nc_sid=2c5659
450820027,mandarinivna,,https://instagram.fiev6-1.fna.fbcdn.net/v/t51.2885-19/275135998_505627684424102_6425492090567104439_n.jpg?stp=dst-jpg_s150x150&_nc_ht=instagram.fiev6-1.fna.fbcdn.net&_nc_cat=102&_nc_ohc=cfbDq8uWMt8AX-nKnEd&edm=AMrZAGUBAAAA&ccb=7-5&oh=00_AfAPBfPDlUNuj0kI8WoZTIuDRHPnG91UE_szE4THoeGiNg&oe=660E10AB&_nc_sid=17eaee
583933066,a.lyona.sun,,https://instagram.fiev6-1.fna.fbcdn.net/v/t51.2885-19/383061052_702895995040398_6696218857754017368_n.jpg?stp=dst-jpg_s150x150&_nc_ht=instagram.fiev6-1.fna.fbcdn.net&_nc_cat=106&_nc_ohc=cg-qNYCG1_kAX-EVl5Y&edm=AMrZAGUBAAAA&ccb=7-5&oh=00_AfArac3lAsMYCIWWjdtkD8R5hEeZnXc0BtzO64zVfZOXNw&oe=660E0EEC&_nc_sid=17eaee
64655533308,kse_meeting_auction,,https://instagram.fiev6-1.fna.fbcdn.net/v/t51.2885-19/427666117_424880886632391_8456744437262568953_n.jpg?stp=dst-jpg_s150x150&_nc_ht=instagram.fiev6-1.fna.fbcdn.net&_nc_cat=103&_nc_ohc=_K0p807vVTIAX-Tt7f8&edm=AMrZAGUBAAAA&ccb=7-5&oh=00_AfD0tR1HI7A1_N_tFlhG91ZTP6wnR7U6gqBcGaXp2Qveuw&oe=660E014F&_nc_sid=17eaee
1573364380,good_girl_olena,,https://scontent-iev1-1.cdninstagram.com/v/t51.2885-19/51056343_2256118191296868_6323990261303083008_n.jpg?stp=dst-jpg_s150x150&_nc_ht=scontent-iev1-1.cdninstagram.com&_nc_cat=100&_nc_ohc=3x-LvoZ-m1QAX-jKS3W&edm=AMrZAGUBAAAA&ccb=7-5&oh=00_AfDwSQ6zCcz1rHDjPHU-Nt0IRwPklQleM53gCem21JaaWA&oe=660DD23D&_nc_sid=17eaee
63945999816,_andrii__i,,https://instagram.fadb3-1.fna.fbcdn.net/v/t51.2885-19/44884218_345707102882519_2446069589734326272_n.jpg?_nc_ht=instagram.fadb3-1.fna.fbcdn.net&_nc_cat=1&_nc_ohc=xgrAudq6dhIAX-jFzhq&edm=AGqCYasBAAAA&ccb=7-5&ig_cache_key=YW5vbnltb3VzX3Byb2ZpbGVfcGlj.2-ccb7-5&oh=00_AfCybdlwwHYDNG-pn0GtFyb5fLxt_C31-e0A-R5ZtEmIxg&oe=660E0D0F&_nc_sid=6c5dea
5873601203,mylovanov_t,,https://scontent-iev1-1.cdninstagram.com/v/t51.2885-19/131239110_140024974583803_1041414292128346305_n.jpg?stp=dst-jpg_s150x150&_nc_ht=scontent-iev1-1.cdninstagram.com&_nc_cat=107&_nc_ohc=qPAVhvPzOGIAX_P-HkQ&edm=AMrZAGUBAAAA&ccb=7-5&oh=00_AfBnis35Pnksd41w1I5PmavSzp862mksnl7w4ed11RB5sg&oe=660DCF61&_nc_sid=17eaee
2690985038,dzvino444ka,,https://scontent-iev1-1.cdninstagram.com/v/t51.2885-19/424849237_768438395170607_678268431800343542_n.jpg?stp=dst-jpg_s150x150&_nc_ht=scontent-iev1-1.cdninstagram.com&_nc_cat=111&_nc_ohc=Vslk8x3tktsAX-Bpcwc&edm=AMrZAGUBAAAA&ccb=7-5&oh=00_AfCk40tNEIj6pj4haTXs4Sw-3gU_cNunQKZNEPcBfCUMhw&oe=660DF3D9&_nc_sid=17eaee
7401004450,viiilsonnn,,https://instagram.fiev6-1.fna.fbcdn.net/v/t51.2885-19/428586910_381027204649892_677257484632455955_n.jpg?stp=dst-jpg_s150x150&_nc_ht=instagram.fiev6-1.fna.fbcdn.net&_nc_cat=108&_nc_ohc=YhJSIyp6phgAX_Drd1o&edm=AMrZAGUBAAAA&ccb=7-5&oh=00_AfCOg7n2QpFvidw5lwr39gDf-aLLV1XhCc35tjRDmwlOnw&oe=660E0FD6&_nc_sid=17eaee
5873601203,mylovanov_t,,https://scontent-iev1-1.cdninstagram.com/v/t51.2885-19/131239110_140024974583803_1041414292128346305_n.jpg?stp=dst-jpg_s150x150&_nc_ht=scontent-iev1-1.cdninstagram.com&_nc_cat=107&_nc_ohc=qPAVhvPzOGIAX_P-HkQ&edm=AMrZAGUBAAAA&ccb=7-5&oh=00_AfBnis35Pnksd41w1I5PmavSzp862mksnl7w4ed11RB5sg&oe=660DCF61&_nc_sid=17eaee
64655533308,kse_meeting_auction,,https://scontent-iev1-1.cdninstagram.com/v/t51.2885-19/427666117_424880886632391_8456744437262568953_n.jpg?stp=dst-jpg_s150x150&_nc_ht=scontent-iev1-1.cdninstagram.com&_nc_cat=103&_nc_ohc=_K0p807vVTIAX9dldFK&edm=AMrZAGUBAAAA&ccb=7-5&oh=00_AfBqLd0QACBs_CiKbNGuYs3aKGsSnrvi72X84ZSCtwv1ZQ&oe=660E014F&_nc_sid=17eaee
4532154421,sobakagardemarinutka,,https://scontent-iev1-1.cdninstagram.com/v/t51.2885-19/428028216_1048427369577046_4051809627458820845_n.jpg?stp=dst-jpg_s150x150&_nc_ht=scontent-iev1-1.cdninstagram.com&_nc_cat=110&_nc_ohc=ZpZrVpT8MAQAX99mMt1&edm=AMrZAGUBAAAA&ccb=7-5&oh=00_AfAZNy6YcaQ0F2vOzqeB_Vs077_PcwXawan94SfIvtyhdw&oe=660DF69B&_nc_sid=17eaee
4841176173,aappllee.juice,,https://scontent-iev1-1.cdninstagram.com/v/t51.2885-19/397070009_1062957021501151_7501462025478571862_n.jpg?stp=dst-jpg_s150x150&_nc_ht=scontent-iev1-1.cdninstagram.com&_nc_cat=107&_nc_ohc=VNDjhu2CZYIAX_gH82V&edm=AMrZAGUBAAAA&ccb=7-5&oh=00_AfCRVcZ088tLMjGL6gL5RQSWDYycHQWfjRqEUojJ0C7mVg&oe=660DE57E&_nc_sid=17eaee
4113271502,mark.salabutin,,
2868781400,kpetrynka,,
39847539865,dominus_leo,,https://scontent-iev1-1.cdninstagram.com/v/t51.2885-19/116266356_998415867257787_567352313053228890_n.jpg?stp=dst-jpg_s150x150&_nc_ht=scontent-iev1-1.cdninstagram.com&_nc_cat=103&_nc_ohc=mESNA564I_8AX_i3APE&edm=AMrZAGUBAAAA&ccb=7-5&oh=00_AfBzmmCh3mhOB137ZRowaaxOTmyehj5D7wEWm5_NfVP7Qw&oe=660DE8F8&_nc_sid=17eaee
2868781400,kpetrynka,,https://scontent-iev1-1.cdninstagram.com/v/t51.2885-19/395010769_1380226059324348_8038815133101032342_n.jpg?stp=dst-jpg_s150x150&_nc_ht=scontent-iev1-1.cdninstagram.com&_nc_cat=100&_nc_ohc=yVq3pXStTfwAX86WS5C&edm=AMrZAGUBAAAA&ccb=7-5&oh=00_AfBNc-I-LknUXkZbwzlZgao5WBRg1vracrOB6I8mugORcw&oe=660DE0CC&_nc_sid=17eaee
51992171200,vo.simkiv,,https://scontent-iev1-1.cdninstagram.com/v/t51.2885-19/432116891_404900258793109_3746136115049771065_n.jpg?stp=dst-jpg_s150x150&_nc_ht=scontent-iev1-1.cdninstagram.com&_nc_cat=101&_nc_ohc=YSYYf27dgyMAX_tFT0m&edm=AMrZAGUBAAAA&ccb=7-5&oh=00_AfDlWynqwOE_vEIa-VQgUtdYXWLLE3Kx9J5TRIurB-d7Mw&oe=660DFD90&_nc_sid=17eaee
1695796528,steysha.tyshchenko,,https://scontent-iev1-1.cdninstagram.com/v/t51.2885-19/409046781_940727724318401_7010831730238553941_n.jpg?stp=dst-jpg_s150x150&_nc_ht=scontent-iev1-1.cdninstagram.com&_nc_cat=105&_nc_ohc=MTu43P_MazwAX9ZSzMQ&edm=AMrZAGUBAAAA&ccb=7-5&oh=00_AfDZDTaaLKuZSsnnr0elUzvJhNNw0BOdpsYDwgjqCejVEA&oe=660DE861&_nc_sid=17eaee
1932216936,a.n.n.a.m.e.l,,https://instagram.fiev6-1.fna.fbcdn.net/v/t51.2885-19/255258690_1042444479632794_1069241251414787766_n.jpg?stp=dst-jpg_s150x150&_nc_ht=instagram.fiev6-1.fna.fbcdn.net&_nc_cat=110&_nc_ohc=pwpQ-y3icpMAX-mDeZh&edm=AMrZAGUBAAAA&ccb=7-5&oh=00_AfDLLMfZUmYKfbSvFXqAsWflfJVOXTCDa6Iis6hyELCtMw&oe=660DE60F&_nc_sid=17eaee
2868781400,kpetrynka,,https://instagram.fiev6-1.fna.fbcdn.net/v/t51.2885-19/395010769_1380226059324348_8038815133101032342_n.jpg?stp=dst-jpg_s150x150&_nc_ht=instagram.fiev6-1.fna.fbcdn.net&_nc_cat=100&_nc_ohc=yVq3pXStTfwAX-ZEH9F&edm=AMrZAGUBAAAA&ccb=7-5&oh=00_AfDVE0knEqauVJ3sem0k7lHBOmESUoidKMfzjJpWvZtdig&oe=660DE0CC&_nc_sid=17eaee
321645746,tarasmos,,https://instagram.fiev6-1.fna.fbcdn.net/v/t51.2885-19/418012747_1373237146732093_5890151752506808812_n.jpg?stp=dst-jpg_s150x150&_nc_ht=instagram.fiev6-1.fna.fbcdn.net&_nc_cat=101&_nc_ohc=pAZ3A3DPmjsAX-gJ8Sl&edm=AMrZAGUBAAAA&ccb=7-5&oh=00_AfB2iapdrSlXWN6oMc-CTte_AzdJ0ykJRl2s6TEN3U5dTw&oe=660E0443&_nc_sid=17eaee
2868781400,kpetrynka,,https://scontent-iev1-1.cdninstagram.com/v/t51.2885-19/395010769_1380226059324348_8038815133101032342_n.jpg?stp=dst-jpg_s150x150&_nc_ht=scontent-iev1-1.cdninstagram.com&_nc_cat=100&_nc_ohc=yVq3pXStTfwAX86WS5C&edm=AMrZAGUBAAAA&ccb=7-5&oh=00_AfBNc-I-LknUXkZbwzlZgao5WBRg1vracrOB6I8mugORcw&oe=660DE0CC&_nc_sid=17eaee
4113271502,mark.salabutin,,https://instagram.fiev6-1.fna.fbcdn.net/v/t51.2885-19/346623928_1900920013600268_8674293689752828768_n.jpg?stp=dst-jpg_s150x150&_nc_ht=instagram.fiev6-1.fna.fbcdn.net&_nc_cat=108&_nc_ohc=i_IWkRvcSfEAX-go31E&edm=AMrZAGUBAAAA&ccb=7-5&oh=00_AfB4ZD-4HlFYkfWuoT0lveJW3S3tUfe5JTNiMjkP5JMi6w&oe=660E0C7F&_nc_sid=17eaee
2868781400,kpetrynka,,https://instagram.fiev6-1.fna.fbcdn.net/v/t51.2885-19/395010769_1380226059324348_8038815133101032342_n.jpg?stp=dst-jpg_s150x150&_nc_ht=instagram.fiev6-1.fna.fbcdn.net&_nc_cat=100&_nc_ohc=yVq3pXStTfwAX-ZEH9F&edm=AMrZAGUBAAAA&ccb=7-5&oh=00_AfDVE0knEqauVJ3sem0k7lHBOmESUoidKMfzjJpWvZtdig&oe=660DE0CC&_nc_sid=17eaee
51992171200,vo.simkiv,,https://scontent-iev1-1.cdninstagram.com/v/t51.2885-19/432116891_404900258793109_3746136115049771065_n.jpg?stp=dst-jpg_s150x150&_nc_ht=scontent-iev1-1.cdninstagram.com&_nc_cat=101&_nc_ohc=YSYYf27dgyMAX_tFT0m&edm=AMrZAGUBAAAA&ccb=7-5&oh=00_AfDlWynqwOE_vEIa-VQgUtdYXWLLE3Kx9J5TRIurB-d7Mw&oe=660DFD90&_nc_sid=17eaee
4910019411,appolinaria_gryffin,,https://instagram.fiev6-1.fna.fbcdn.net/v/t51.2885-19/274495125_534126847867375_5799558498065665527_n.jpg?stp=dst-jpg_s150x150&_nc_ht=instagram.fiev6-1.fna.fbcdn.net&_nc_cat=107&_nc_ohc=xBwBNK7CiDoAX_sMjYh&edm=AMrZAGUBAAAA&ccb=7-5&oh=00_AfBrWJuEJns3srVsKbk1GuoJ2VifMq5DzQs_-Am3hjRVSg&oe=660E04E0&_nc_sid=17eaee
39847539865,dominus_leo,,https://instagram.fiev6-1.fna.fbcdn.net/v/t51.2885-19/116266356_998415867257787_567352313053228890_n.jpg?stp=dst-jpg_s150x150&_nc_ht=instagram.fiev6-1.fna.fbcdn.net&_nc_cat=103&_nc_ohc=mESNA564I_8AX_VAfd2&edm=AMrZAGUBAAAA&ccb=7-5&oh=00_AfARbr1SO0Qt1-ns3lFTJrwAdpiSysoCAJpxygNIhaY2-A&oe=660DE8F8&_nc_sid=17eaee
2690985038,dzvino444ka,,https://scontent-iev1-1.cdninstagram.com/v/t51.2885-19/424849237_768438395170607_678268431800343542_n.jpg?stp=dst-jpg_s150x150&_nc_ht=scontent-iev1-1.cdninstagram.com&_nc_cat=111&_nc_ohc=Vslk8x3tktsAX-Bpcwc&edm=AMrZAGUBAAAA&ccb=7-5&oh=00_AfCk40tNEIj6pj4haTXs4Sw-3gU_cNunQKZNEPcBfCUMhw&oe=660DF3D9&_nc_sid=17eaee
54245812485,dmtr.kolisnyk,,https://instagram.fiev6-1.fna.fbcdn.net/v/t51.2885-19/291127953_1116014325795229_4938875121092013770_n.jpg?stp=dst-jpg_s150x150&_nc_ht=instagram.fiev6-1.fna.fbcdn.net&_nc_cat=101&_nc_ohc=Fl7X3elbyT0AX9Z0cZ0&edm=AMrZAGUBAAAA&ccb=7-5&oh=00_AfBsYkCSdw2VoBtdZTW_-CKmaTNm6XW-pyKAWNJ1l5JDXw&oe=660DDFFD&_nc_sid=17eaee
1518311054,serhiipolyvoda,,https://scontent-iev1-1.cdninstagram.com/v/t51.2885-19/417544211_301905269509880_5470642579359909_n.jpg?stp=dst-jpg_s150x150&_nc_ht=scontent-iev1-1.cdninstagram.com&_nc_cat=108&_nc_ohc=I_gH3vPmXkUAX9958uz&edm=AMrZAGUBAAAA&ccb=7-5&oh=00_AfDzNAPjqGQzysDpGFcJOaLpoAFBJhiT80zuezZt-L45hw&oe=660DD6F1&_nc_sid=17eaee
26885000699,vanichkaaa.16,,https://instagram.ftas1-1.fna.fbcdn.net/v/t51.2885-19/44884218_345707102882519_2446069589734326272_n.jpg?_nc_ht=instagram.ftas1-1.fna.fbcdn.net&_nc_cat=1&_nc_ohc=xgrAudq6dhIAX-DnYgk&edm=AL4D0a4BAAAA&ccb=7-5&ig_cache_key=YW5vbnltb3VzX3Byb2ZpbGVfcGlj.2-ccb7-5&oh=00_AfBVbb3vjIGdyBd4wW9WhShHgSK3nlJ30tvrz1K6pSmK9Q&oe=660E0D0F&_nc_sid=9e8221
5722937962,vikaattory,,https://scontent-iev1-1.cdninstagram.com/v/t51.2885-19/261423784_3083262471991558_4625428791062985206_n.jpg?stp=dst-jpg_s150x150&_nc_ht=scontent-iev1-1.cdninstagram.com&_nc_cat=110&_nc_ohc=JLrU_48gQd8AX_OHdpG&edm=AMrZAGUBAAAA&ccb=7-5&oh=00_AfCbj4oah_WN7iNQkIrkXeHFBmca-EYIIDS1iQyxzwaNgg&oe=660DD2A1&_nc_sid=17eaee
64655533308,kse_meeting_auction,,https://scontent-iev1-1.cdninstagram.com/v/t51.2885-19/427666117_424880886632391_8456744437262568953_n.jpg?stp=dst-jpg_s150x150&_nc_ht=scontent-iev1-1.cdninstagram.com&_nc_cat=103&_nc_ohc=_K0p807vVTIAX9dldFK&edm=AMrZAGUBAAAA&ccb=7-5&oh=00_AfBqLd0QACBs_CiKbNGuYs3aKGsSnrvi72X84ZSCtwv1ZQ&oe=660E014F&_nc_sid=17eaee
37030831630,callsign_a,,https://instagram.fstv15-1.fna.fbcdn.net/v/t51.2885-19/44884218_345707102882519_2446069589734326272_n.jpg?_nc_ht=instagram.fstv15-1.fna.fbcdn.net&_nc_cat=1&_nc_ohc=xgrAudq6dhIAX-oR6WB&edm=AAYDq1YBAAAA&ccb=7-5&ig_cache_key=YW5vbnltb3VzX3Byb2ZpbGVfcGlj.2-ccb7-5&oh=00_AfDGLOGxy93mY1uqIA6T8XLJNzdR5fPURYRyOx-cJEfKug&oe=660E0D0F&_nc_sid=7f352c
5632536493,shuberanskiy,,
4140161783,filipishyn_the_red,,https://scontent-iev1-1.cdninstagram.com/v/t51.2885-19/342897558_958283785176162_362253752223838167_n.jpg?stp=dst-jpg_s150x150&_nc_ht=scontent-iev1-1.cdninstagram.com&_nc_cat=106&_nc_ohc=z2eILLH_PEIAX9cDSap&edm=AMrZAGUBAAAA&ccb=7-5&oh=00_AfDpPDlHeO0UOIhIhnHlcIbaCr-fl5OTJ35cH79zTViBLw&oe=660DDED3&_nc_sid=17eaee
2985159636,zagrankin,,https://instagram.fiev6-1.fna.fbcdn.net/v/t51.2885-19/386305609_853606376345370_1393795927060792493_n.jpg?stp=dst-jpg_s150x150&_nc_ht=instagram.fiev6-1.fna.fbcdn.net&_nc_cat=106&_nc_ohc=MkiRMVG5noMAX9BwDXw&edm=AMrZAGUBAAAA&ccb=7-5&oh=00_AfA8Bg1Y1TYO3d-GCDllO38dFQBJwgI93V2snvBUFK3SnA&oe=660DF8A3&_nc_sid=17eaee
5873601203,mylovanov_t,,https://instagram.fiev6-1.fna.fbcdn.net/v/t51.2885-19/131239110_140024974583803_1041414292128346305_n.jpg?stp=dst-jpg_s150x150&_nc_ht=instagram.fiev6-1.fna.fbcdn.net&_nc_cat=107&_nc_ohc=qPAVhvPzOGIAX9cloVP&edm=AMrZAGUBAAAA&ccb=7-5&oh=00_AfCp1daWjnKsT7wJfQgR3313dIez-TpEBsUBv3ekX9NzcQ&oe=660E07A1&_nc_sid=17eaee
64655533308,kse_meeting_auction,,https://instagram.fiev6-1.fna.fbcdn.net/v/t51.2885-19/427666117_424880886632391_8456744437262568953_n.jpg?stp=dst-jpg_s150x150&_nc_ht=instagram.fiev6-1.fna.fbcdn.net&_nc_cat=103&_nc_ohc=_K0p807vVTIAX-Tt7f8&edm=AMrZAGUBAAAA&ccb=7-5&oh=00_AfD0tR1HI7A1_N_tFlhG91ZTP6wnR7U6gqBcGaXp2Qveuw&oe=660E014F&_nc_sid=17eaee
16710828,igorsukhomlyn,,https://instagram.fiev6-1.fna.fbcdn.net/v/t51.2885-19/309292780_209832388055021_3178252423263017099_n.jpg?stp=dst-jpg_s150x150&_nc_ht=instagram.fiev6-1.fna.fbcdn.net&_nc_cat=105&_nc_ohc=LLX2eygky2EAX9fWvKQ&edm=AMrZAGUBAAAA&ccb=7-5&oh=00_AfBTRP0UDk-bRvtQ2nRICfMWYeuEXZoj1Rc7MdcqWl8HNg&oe=660E06A1&_nc_sid=17eaee
64655533308,kse_meeting_auction,,https://instagram.fiev6-1.fna.fbcdn.net/v/t51.2885-19/427666117_424880886632391_8456744437262568953_n.jpg?stp=dst-jpg_s150x150&_nc_ht=instagram.fiev6-1.fna.fbcdn.net&_nc_cat=103&_nc_ohc=_K0p807vVTIAX-Tt7f8&edm=AMrZAGUBAAAA&ccb=7-5&oh=00_AfD0tR1HI7A1_N_tFlhG91ZTP6wnR7U6gqBcGaXp2Qveuw&oe=660E014F&_nc_sid=17eaee
1708231601,rockandrollcrumb,,https://instagram.fiev6-1.fna.fbcdn.net/v/t51.2885-19/338458187_9066097936795304_3944727219471114574_n.jpg?stp=dst-jpg_s150x150&_nc_ht=instagram.fiev6-1.fna.fbcdn.net&_nc_cat=108&_nc_ohc=ShpUV6DUd2sAX9--OV-&edm=AMrZAGUBAAAA&ccb=7-5&oh=00_AfBv3BbzKhG0rc06GAny2dLNiutqAorXvYni6D3P3RwucQ&oe=660E13C2&_nc_sid=17eaee
10339907431,vl_adaaa,,https://scontent-waw2-2.cdninstagram.com/v/t51.2885-19/44884218_345707102882519_2446069589734326272_n.jpg?_nc_ht=scontent-waw2-2.cdninstagram.com&_nc_cat=1&_nc_ohc=xgrAudq6dhIAX-fwHPI&edm=ANct6CgBAAAA&ccb=7-5&ig_cache_key=YW5vbnltb3VzX3Byb2ZpbGVfcGlj.2-ccb7-5&oh=00_AfAcQYVBfY2RWfG66gcZGpkOer-919W8deRJTR3LzR9zRA&oe=660DD4CF&_nc_sid=e9e035
5865051198,qbdodbjk,,https://instagram.fiev6-1.fna.fbcdn.net/v/t51.2885-19/274626073_419155443316739_8242960340293551220_n.jpg?stp=dst-jpg_s150x150&_nc_ht=instagram.fiev6-1.fna.fbcdn.net&_nc_cat=111&_nc_ohc=yPgGmeEZDL8AX_IVd7B&edm=AMrZAGUBAAAA&ccb=7-5&oh=00_AfAGsN2P3BV9wL2jwSGQXDgS_Uv-8wF3dxtpeC4RtZtCFw&oe=660DEB62&_nc_sid=17eaee
1932216936,a.n.n.a.m.e.l,,https://instagram.fiev6-1.fna.fbcdn.net/v/t51.2885-19/255258690_1042444479632794_1069241251414787766_n.jpg?stp=dst-jpg_s150x150&_nc_ht=instagram.fiev6-1.fna.fbcdn.net&_nc_cat=110&_nc_ohc=pwpQ-y3icpMAX-mDeZh&edm=AMrZAGUBAAAA&ccb=7-5&oh=00_AfDLLMfZUmYKfbSvFXqAsWflfJVOXTCDa6Iis6hyELCtMw&oe=660DE60F&_nc_sid=17eaee
46662748646,61secoonda,,https://scontent-iev1-1.cdninstagram.com/v/t51.2885-19/284981051_430784591811984_6360430546209513721_n.jpg?stp=dst-jpg_s150x150&_nc_ht=scontent-iev1-1.cdninstagram.com&_nc_cat=100&_nc_ohc=xblaNgJh6OAAX8FjWS3&edm=AMrZAGUBAAAA&ccb=7-5&oh=00_AfBznVy2NFUu9F37EGFkpPJ_5g_5NNbwHfiu0Qf_iSzuTg&oe=660DFA86&_nc_sid=17eaee
64655533308,kse_meeting_auction,,https://scontent-iev1-1.cdninstagram.com/v/t51.2885-19/427666117_424880886632391_8456744437262568953_n.jpg?stp=dst-jpg_s150x150&_nc_ht=scontent-iev1-1.cdninstagram.com&_nc_cat=103&_nc_ohc=_K0p807vVTIAX9dldFK&edm=AMrZAGUBAAAA&ccb=7-5&oh=00_AfBqLd0QACBs_CiKbNGuYs3aKGsSnrvi72X84ZSCtwv1ZQ&oe=660E014F&_nc_sid=17eaee
11626311422,sheludko.aleksandra,,https://scontent-iev1-1.cdninstagram.com/v/t51.2885-19/52703816_333068137333979_3172404935228653568_n.jpg?stp=dst-jpg_s150x150&_nc_ht=scontent-iev1-1.cdninstagram.com&_nc_cat=111&_nc_ohc=U11CwFwPRPgAX-QwoJp&edm=AMrZAGUBAAAA&ccb=7-5&oh=00_AfAGKRk8zl9nQP_NUrMx4IXrL3Wc0VHSfr0vK69_AY0knQ&oe=660DD810&_nc_sid=17eaee
64655533308,kse_meeting_auction,,https://scontent-iev1-1.cdninstagram.com/v/t51.2885-19/427666117_424880886632391_8456744437262568953_n.jpg?stp=dst-jpg_s150x150&_nc_ht=scontent-iev1-1.cdninstagram.com&_nc_cat=103&_nc_ohc=_K0p807vVTIAX9dldFK&edm=AMrZAGUBAAAA&ccb=7-5&oh=00_AfBqLd0QACBs_CiKbNGuYs3aKGsSnrvi72X84ZSCtwv1ZQ&oe=660E014F&_nc_sid=17eaee
9235126122,yawooo_,,https://instagram.fiev6-1.fna.fbcdn.net/v/t51.2885-19/355323740_169602332762392_3234251751618594731_n.jpg?stp=dst-jpg_s150x150&_nc_ht=instagram.fiev6-1.fna.fbcdn.net&_nc_cat=104&_nc_ohc=NRv4juB2WMkAX-zptaj&edm=AMrZAGUBAAAA&ccb=7-5&oh=00_AfAj_IvmUUv0ACZOt_5QXUFQgJzZyoqW_R4pcszNLsj-GA&oe=660E01DD&_nc_sid=17eaee
1782235152,vadymko_naumchuk,,https://scontent-iev1-1.cdninstagram.com/v/t51.2885-19/119006923_318466349435912_5246482602520594333_n.jpg?stp=dst-jpg_s150x150&_nc_ht=scontent-iev1-1.cdninstagram.com&_nc_cat=108&_nc_ohc=QW3XqfN7nEAAX9y3eHu&edm=AMrZAGUBAAAA&ccb=7-5&oh=00_AfBWnFO5IwW7SBLeL5CbJShAzUtp6abkWk2dYtSiHoA8nQ&oe=660DEB60&_nc_sid=17eaee
3249179772,hinaliuk,,https://scontent-iev1-1.cdninstagram.com/v/t51.2885-19/341917190_919301449271744_4026100485612335739_n.jpg?stp=dst-jpg_s150x150&_nc_ht=scontent-iev1-1.cdninstagram.com&_nc_cat=108&_nc_ohc=aOcmF2a6f9YAX_QEEXv&edm=AMrZAGUBAAAA&ccb=7-5&oh=00_AfDcCO9ZMcpkXtxYAGDBMegKR0uYYD_NYTLVqfIEECca0A&oe=660DF755&_nc_sid=17eaee
55494076474,aoharkov,,https://scontent-iev1-1.cdninstagram.com/v/t51.2885-19/430829734_372017902427183_1406241420404151441_n.jpg?stp=dst-jpg_s150x150&_nc_ht=scontent-iev1-1.cdninstagram.com&_nc_cat=111&_nc_ohc=GfSPoXAPQdsAX8B7yZa&edm=AMrZAGUBAAAA&ccb=7-5&oh=00_AfBvuGyHVs2SIHeQtzJEqNtk6euzV6zngxIyXxspXA0XgA&oe=660DED79&_nc_sid=17eaee
3885867993,turkeeevych,,https://instagram.fiev6-1.fna.fbcdn.net/v/t51.2885-19/387772054_711416124184475_7751322751491949545_n.jpg?stp=dst-jpg_s150x150&_nc_ht=instagram.fiev6-1.fna.fbcdn.net&_nc_cat=111&_nc_ohc=D7M-G8meNvoAX9eg6Rp&edm=AMrZAGUBAAAA&ccb=7-5&oh=00_AfCMw0KBl3eLntxFYHzlK3b8ik5eFA5uGcpBb_AU2Ar38A&oe=660DEAF5&_nc_sid=17eaee
6691263365,_.yara.ig._,,https://instagram.fiev6-1.fna.fbcdn.net/v/t51.2885-19/363350299_834397548049765_5501157247436411644_n.jpg?stp=dst-jpg_s150x150&_nc_ht=instagram.fiev6-1.fna.fbcdn.net&_nc_cat=101&_nc_ohc=LYPMmQurfiUAX-vKytY&edm=AMrZAGUBAAAA&ccb=7-5&oh=00_AfAba_zNQtL7Xq99xEJ6hD0jg7xtmp5Vakwe8zpk5Yff0Q&oe=660E0A3B&_nc_sid=17eaee
9071823622,yazhabka,,https://instagram.fiev6-1.fna.fbcdn.net/v/t51.2885-19/273201527_993214684633203_3873425336758839984_n.jpg?stp=dst-jpg_s150x150&_nc_ht=instagram.fiev6-1.fna.fbcdn.net&_nc_cat=103&_nc_ohc=3VeJ8Y7bUHoAX_2uBfh&edm=AMrZAGUBAAAA&ccb=7-5&oh=00_AfArlfOxSRC8lEDANmvbJ0VIc9uzvJIoeByPRsOexA4buQ&oe=660DF0FD&_nc_sid=17eaee
64655533308,kse_meeting_auction,,https://instagram.fiev6-1.fna.fbcdn.net/v/t51.2885-19/427666117_424880886632391_8456744437262568953_n.jpg?stp=dst-jpg_s150x150&_nc_ht=instagram.fiev6-1.fna.fbcdn.net&_nc_cat=103&_nc_ohc=_K0p807vVTIAX-Tt7f8&edm=AMrZAGUBAAAA&ccb=7-5&oh=00_AfD0tR1HI7A1_N_tFlhG91ZTP6wnR7U6gqBcGaXp2Qveuw&oe=660E014F&_nc_sid=17eaee
39847539865,dominus_leo,,https://instagram.fiev6-1.fna.fbcdn.net/v/t51.2885-19/116266356_998415867257787_567352313053228890_n.jpg?stp=dst-jpg_s150x150&_nc_ht=instagram.fiev6-1.fna.fbcdn.net&_nc_cat=103&_nc_ohc=mESNA564I_8AX_VAfd2&edm=AMrZAGUBAAAA&ccb=7-5&oh=00_AfARbr1SO0Qt1-ns3lFTJrwAdpiSysoCAJpxygNIhaY2-A&oe=660DE8F8&_nc_sid=17eaee
3595039427,smirnova5373,,https://instagram.fiev6-1.fna.fbcdn.net/v/t51.2885-19/306512843_4758899210879091_19439187772013731_n.jpg?stp=dst-jpg_s150x150&_nc_ht=instagram.fiev6-1.fna.fbcdn.net&_nc_cat=103&_nc_ohc=ZSBbPICs5ukAX_Dzo14&edm=AMrZAGUBAAAA&ccb=7-5&oh=00_AfACo3KxhkqQlM4i9zjoMtBxF5XI4pcyouIUaM4SAKkSUg&oe=660DFA14&_nc_sid=17eaee
3885867993,turkeeevych,,https://scontent-iev1-1.cdninstagram.com/v/t51.2885-19/387772054_711416124184475_7751322751491949545_n.jpg?stp=dst-jpg_s150x150&_nc_ht=scontent-iev1-1.cdninstagram.com&_nc_cat=111&_nc_ohc=D7M-G8meNvoAX9U84xu&edm=AMrZAGUBAAAA&ccb=7-5&oh=00_AfCrxIWWetmIoBP8iMM_RxETQXGhyRmYa8B_LM_5c26d8A&oe=660DEAF5&_nc_sid=17eaee
5903773483,yurii_chopiuk,,https://scontent-iev1-1.cdninstagram.com/v/t51.2885-19/242437386_593108691713287_131015779778838027_n.jpg?stp=dst-jpg_s150x150&_nc_ht=scontent-iev1-1.cdninstagram.com&_nc_cat=107&_nc_ohc=-Psbmifxgu0AX96N1ZT&edm=AMrZAGUBAAAA&ccb=7-5&oh=00_AfAIjHsnRgni5ramgK0UKHQI4Wq14Hje310lGrJwdrsDHg&oe=660DFA0C&_nc_sid=17eaee
5873601203,mylovanov_t,,https://instagram.fiev6-1.fna.fbcdn.net/v/t51.2885-19/131239110_140024974583803_1041414292128346305_n.jpg?stp=dst-jpg_s150x150&_nc_ht=instagram.fiev6-1.fna.fbcdn.net&_nc_cat=107&_nc_ohc=qPAVhvPzOGIAX9cloVP&edm=AMrZAGUBAAAA&ccb=7-5&oh=00_AfCp1daWjnKsT7wJfQgR3313dIez-TpEBsUBv3ekX9NzcQ&oe=660E07A1&_nc_sid=17eaee
1305033628,ukr_soloway,,https://scontent-iev1-1.cdninstagram.com/v/t51.2885-19/211348722_4246503482129246_2325386969948857791_n.jpg?stp=dst-jpg_s150x150&_nc_ht=scontent-iev1-1.cdninstagram.com&_nc_cat=102&_nc_ohc=QlVbKy-iod8AX9U7ZSi&edm=AMrZAGUBAAAA&ccb=7-5&oh=00_AfBc1uu4o_LDxu52ztTvQ3FyFItB98uZT7gkaPslNzH0aA&oe=660DD5C4&_nc_sid=17eaee
4555872776,den3alo,,https://scontent-iev1-1.cdninstagram.com/v/t51.2885-19/308120458_651450143351290_3095075806548922764_n.jpg?stp=dst-jpg_s150x150&_nc_ht=scontent-iev1-1.cdninstagram.com&_nc_cat=110&_nc_ohc=lgYSKBow_YoAX8Ok9wU&edm=AMrZAGUBAAAA&ccb=7-5&oh=00_AfD5Bb7YZsyTiP0H5RvyU4VDmDJTdnVN1QkH06Tzy6wDBQ&oe=660DE731&_nc_sid=17eaee
283555467,damnyeah,1,https://instagram.fiev6-1.fna.fbcdn.net/v/t51.2885-19/433079562_383106017943935_1171027380517077877_n.jpg?stp=dst-jpg_s150x150&_nc_ht=instagram.fiev6-1.fna.fbcdn.net&_nc_cat=111&_nc_ohc=uS8YE-mk4foAX8WXVir&edm=AMrZAGUBAAAA&ccb=7-5&oh=00_AfCY2MPJ-2yzPYKczsR2bbHJR2ZXpxlv101X8O7qqoUhNw&oe=660DF305&_nc_sid=17eaee
64655533308,kse_meeting_auction,,https://instagram.fiev6-1.fna.fbcdn.net/v/t51.2885-19/427666117_424880886632391_8456744437262568953_n.jpg?stp=dst-jpg_s150x150&_nc_ht=instagram.fiev6-1.fna.fbcdn.net&_nc_cat=103&_nc_ohc=_K0p807vVTIAX-Tt7f8&edm=AMrZAGUBAAAA&ccb=7-5&oh=00_AfD0tR1HI7A1_N_tFlhG91ZTP6wnR7U6gqBcGaXp2Qveuw&oe=660E014F&_nc_sid=17eaee
7753896466,sirius_is_my_star,,https://instagram.fiev6-1.fna.fbcdn.net/v/t51.2885-19/261866296_598178268184644_2321075390858064417_n.jpg?stp=dst-jpg_s150x150&_nc_ht=instagram.fiev6-1.fna.fbcdn.net&_nc_cat=100&_nc_ohc=EHoI6XuzV-4AX8be3nu&edm=AMrZAGUBAAAA&ccb=7-5&oh=00_AfBFTKTHQdKE2Xd6ol-bDhbZyGvFNwkWEIESClrOK0_I3g&oe=660DEA6C&_nc_sid=17eaee
64655533308,kse_meeting_auction,,https://instagram.fiev6-1.fna.fbcdn.net/v/t51.2885-19/427666117_424880886632391_8456744437262568953_n.jpg?stp=dst-jpg_s150x150&_nc_ht=instagram.fiev6-1.fna.fbcdn.net&_nc_cat=103&_nc_ohc=_K0p807vVTIAX-Tt7f8&edm=AF1ddXUBAAAA&ccb=7-5&oh=00_AfBXif-OjL4OtYzz2HDW62Com_iRTBdclyAxtLpg6HHDSA&oe=660E014F&_nc_sid=cf751b
1387366118,hoi_ira,,https://instagram.fiev6-1.fna.fbcdn.net/v/t51.2885-19/279275400_528260492260177_3205962096510881213_n.jpg?stp=dst-jpg_s150x150&_nc_ht=instagram.fiev6-1.fna.fbcdn.net&_nc_cat=101&_nc_ohc=3ubDE6ZzmLsAX-tPK1A&edm=AF1ddXUBAAAA&ccb=7-5&oh=00_AfChXKPENxfh8ZU2zd43fP4E_SjgoFj0GHsJEJ_-T4qzQg&oe=660DF006&_nc_sid=cf751b
39847539865,dominus_leo,,https://instagram.fiev6-1.fna.fbcdn.net/v/t51.2885-19/116266356_998415867257787_567352313053228890_n.jpg?stp=dst-jpg_s150x150&_nc_ht=instagram.fiev6-1.fna.fbcdn.net&_nc_cat=103&_nc_ohc=mESNA564I_8AX_VAfd2&edm=AMrZAGUBAAAA&ccb=7-5&oh=00_AfARbr1SO0Qt1-ns3lFTJrwAdpiSysoCAJpxygNIhaY2-A&oe=660DE8F8&_nc_sid=17eaee
5753732874,kzahorulko,,https://instagram.fiev6-1.fna.fbcdn.net/v/t51.2885-19/310689823_3249134385414498_1129006611642212017_n.jpg?stp=dst-jpg_s150x150&_nc_ht=instagram.fiev6-1.fna.fbcdn.net&_nc_cat=106&_nc_ohc=m46Eas93EvcAX9uJ_ya&edm=AMrZAGUBAAAA&ccb=7-5&oh=00_AfBTGoaL_kc4IdqenARfCVX5zllKj0r8-jIwMp9o-eDaGA&oe=660DDEDF&_nc_sid=17eaee
6884505035,kot_martovskiy1,,https://instagram.fiev6-1.fna.fbcdn.net/v/t51.2885-19/26069167_421311271620607_5661113568708263936_n.jpg?stp=dst-jpg_s150x150&_nc_ht=instagram.fiev6-1.fna.fbcdn.net&_nc_cat=107&_nc_ohc=w3qcvcJc534AX865Qq_&edm=AMrZAGUBAAAA&ccb=7-5&oh=00_AfDeAxe9oni2PQbwz_bM4m7linnbs53XbnX-YbqWS6g6lQ&oe=660DE54B&_nc_sid=17eaee
64655533308,kse_meeting_auction,,https://instagram.fiev6-1.fna.fbcdn.net/v/t51.2885-19/427666117_424880886632391_8456744437262568953_n.jpg?stp=dst-jpg_s150x150&_nc_ht=instagram.fiev6-1.fna.fbcdn.net&_nc_cat=103&_nc_ohc=_K0p807vVTIAX-Tt7f8&edm=AMrZAGUBAAAA&ccb=7-5&oh=00_AfD0tR1HI7A1_N_tFlhG91ZTP6wnR7U6gqBcGaXp2Qveuw&oe=660E014F&_nc_sid=17eaee
5873601203,mylovanov_t,,https://instagram.fiev6-1.fna.fbcdn.net/v/t51.2885-19/131239110_140024974583803_1041414292128346305_n.jpg?stp=dst-jpg_s150x150&_nc_ht=instagram.fiev6-1.fna.fbcdn.net&_nc_cat=107&_nc_ohc=qPAVhvPzOGIAX9cloVP&edm=AMrZAGUBAAAA&ccb=7-5&oh=00_AfCp1daWjnKsT7wJfQgR3313dIez-TpEBsUBv3ekX9NzcQ&oe=660E07A1&_nc_sid=17eaee
1643928842,_n_bazir,,https://instagram.fiev6-1.fna.fbcdn.net/v/t51.2885-19/404896099_1487616875305006_652603701843437012_n.jpg?stp=dst-jpg_s150x150&_nc_ht=instagram.fiev6-1.fna.fbcdn.net&_nc_cat=110&_nc_ohc=kqI8ijh54zsAX9_yP5G&edm=AMrZAGUBAAAA&ccb=7-5&oh=00_AfApLFX-bXqQwIHOvWpv695ilIVlK8gKz2AL55-bxCKfkw&oe=660DF04D&_nc_sid=17eaee
3885867993,turkeeevych,,https://instagram.fiev6-1.fna.fbcdn.net/v/t51.2885-19/387772054_711416124184475_7751322751491949545_n.jpg?stp=dst-jpg_s150x150&_nc_ht=instagram.fiev6-1.fna.fbcdn.net&_nc_cat=111&_nc_ohc=D7M-G8meNvoAX9eg6Rp&edm=AMrZAGUBAAAA&ccb=7-5&oh=00_AfCMw0KBl3eLntxFYHzlK3b8ik5eFA5uGcpBb_AU2Ar38A&oe=660DEAF5&_nc_sid=17eaee
51992171200,vo.simkiv,,https://scontent-iev1-1.cdninstagram.com/v/t51.2885-19/432116891_404900258793109_3746136115049771065_n.jpg?stp=dst-jpg_s150x150&_nc_ht=scontent-iev1-1.cdninstagram.com&_nc_cat=101&_nc_ohc=YSYYf27dgyMAX_tFT0m&edm=AMrZAGUBAAAA&ccb=7-5&oh=00_AfDlWynqwOE_vEIa-VQgUtdYXWLLE3Kx9J5TRIurB-d7Mw&oe=660DFD90&_nc_sid=17eaee
1290563907,danylo_kresik,,https://instagram.fiev6-1.fna.fbcdn.net/v/t51.2885-19/59360919_283957972488386_2506093909474541568_n.jpg?stp=dst-jpg_s150x150&_nc_ht=instagram.fiev6-1.fna.fbcdn.net&_nc_cat=102&_nc_ohc=ua9Tc5mt_ZAAX_GTBwG&edm=AMrZAGUBAAAA&ccb=7-5&oh=00_AfA-x7KVp1ALcQC8iuAv-gVeJ3e5FSOPvMHtM3l9pYTqzw&oe=660DE41C&_nc_sid=17eaee
14181645591,yudenko_vadym,,https://instagram.fiev6-1.fna.fbcdn.net/v/t51.2885-19/256014437_1364620403957588_8471167789626944126_n.jpg?stp=dst-jpg_s150x150&_nc_ht=instagram.fiev6-1.fna.fbcdn.net&_nc_cat=108&_nc_ohc=eFbHauaumbcAX8722_J&edm=AMrZAGUBAAAA&ccb=7-5&oh=00_AfBPNFe-SrYP6tuThu8qhityzzE_E4fW0QcLa6m5BfstZA&oe=660DF87E&_nc_sid=17eaee
7510824948,zhuykov.g,,https://scontent-iev1-1.cdninstagram.com/v/t51.2885-19/393715638_1172629997029722_5800047789788823183_n.jpg?stp=dst-jpg_s150x150&_nc_ht=scontent-iev1-1.cdninstagram.com&_nc_cat=106&_nc_ohc=QRNh-cjxTLUAX-mQZgV&edm=AMrZAGUBAAAA&ccb=7-5&oh=00_AfAkIIoH_ejPI8hvjyCdDa8aUPURNmihcc0aCHXLTKZvmw&oe=660DFAF3&_nc_sid=17eaee
5632852835,duty_and_law,,https://instagram.fiev6-1.fna.fbcdn.net/v/t51.2885-19/318461551_1201546377240418_3198946487716379505_n.jpg?stp=dst-jpg_s150x150&_nc_ht=instagram.fiev6-1.fna.fbcdn.net&_nc_cat=110&_nc_ohc=myQi_Tf9L-oAX96Fajd&edm=AMrZAGUBAAAA&ccb=7-5&oh=00_AfBc0sx6Tmu4CNYKN3OIdyRxaJpN30dlKhJVisBgCXS9Yw&oe=660DEAAF&_nc_sid=17eaee
32903293211,yegqr,,https://instagram.fiev6-1.fna.fbcdn.net/v/t51.2885-19/372529631_1020542676067339_2111459410263535044_n.jpg?stp=dst-jpg_s150x150&_nc_ht=instagram.fiev6-1.fna.fbcdn.net&_nc_cat=107&_nc_ohc=eGBHwGxEUf8AX_HNZ4D&edm=AMrZAGUBAAAA&ccb=7-5&oh=00_AfBecWmwF_HolTsu_RTvnAyTPnPjPp1Z5l85M7lzp1l3mw&oe=660DE5B1&_nc_sid=17eaee
26345546369,ciberbayron,,https://scontent-iev1-1.cdninstagram.com/v/t51.2885-19/433969664_3771518409760960_1234836943479365039_n.jpg?stp=dst-jpg_s150x150&_nc_ht=scontent-iev1-1.cdninstagram.com&_nc_cat=104&_nc_ohc=JCNUEpYknewAX-rA7ly&edm=AMrZAGUBAAAA&ccb=7-5&oh=00_AfBf5uogwuoEDKRp9RPQFhgsjb2-01css2RQJlZkb_PBcg&oe=660DD58B&_nc_sid=17eaee
1783015767,savchenko__roman,,https://instagram.fiev6-1.fna.fbcdn.net/v/t51.2885-19/368559578_783121293557731_1088222293491718801_n.jpg?stp=dst-jpg_s150x150&_nc_ht=instagram.fiev6-1.fna.fbcdn.net&_nc_cat=107&_nc_ohc=id58rWGgvXoAX_S30eO&edm=AMrZAGUBAAAA&ccb=7-5&oh=00_AfDzd-2sVC6ygojdvEGyfKqrUVfNBnaPo8utnzQRBogYHg&oe=660DFE60&_nc_sid=17eaee
7056610672,_astkka_,,https://instagram.fiev6-1.fna.fbcdn.net/v/t51.2885-19/369709863_274889288627669_1630394012897755352_n.jpg?stp=dst-jpg_s150x150&_nc_ht=instagram.fiev6-1.fna.fbcdn.net&_nc_cat=105&_nc_ohc=VzwCRsPnQRQAX9SmSPR&edm=AMrZAGUBAAAA&ccb=7-5&oh=00_AfDVgEFFuHqBBB7Zu00WXjFyoh37PcZZkxaLVIBA2K7qSA&oe=660DFB0B&_nc_sid=17eaee
14181645591,yudenko_vadym,,https://scontent-iev1-1.cdninstagram.com/v/t51.2885-19/256014437_1364620403957588_8471167789626944126_n.jpg?stp=dst-jpg_s150x150&_nc_ht=scontent-iev1-1.cdninstagram.com&_nc_cat=108&_nc_ohc=eFbHauaumbcAX_wahL6&edm=AMrZAGUBAAAA&ccb=7-5&oh=00_AfDMr8t0gU2D3WVcSgWK_3E2twtuiKC0zkLYSHOv3aCBYQ&oe=660DF87E&_nc_sid=17eaee
48148167584,klymnaumenko,,https://instagram.fiev6-1.fna.fbcdn.net/v/t51.2885-19/356241401_2139214042940052_173868409793838056_n.jpg?stp=dst-jpg_s150x150&_nc_ht=instagram.fiev6-1.fna.fbcdn.net&_nc_cat=100&_nc_ohc=en-es8gTu7YAX8y2AG1&edm=AMrZAGUBAAAA&ccb=7-5&oh=00_AfDm42sYPVYVDvEoQIaIGtEsk2rPfHJe14wO_R9YmwcBww&oe=660E0E77&_nc_sid=17eaee
226433738,s_bekir,,https://instagram.fiev6-1.fna.fbcdn.net/v/t51.2885-19/17596757_669146033289448_1744679229611573248_a.jpg?stp=dst-jpg_s150x150&_nc_ht=instagram.fiev6-1.fna.fbcdn.net&_nc_cat=104&_nc_ohc=rg316a_N5Y8AX-gWUVJ&edm=AMrZAGUBAAAA&ccb=7-5&oh=00_AfCglnOak0bGKJGHyWNEBEkNa_5WTpnFQrdjAnUbX3UAcg&oe=660DF0D4&_nc_sid=17eaee
64655533308,kse_meeting_auction,,https://instagram.fiev6-1.fna.fbcdn.net/v/t51.2885-19/427666117_424880886632391_8456744437262568953_n.jpg?stp=dst-jpg_s150x150&_nc_ht=instagram.fiev6-1.fna.fbcdn.net&_nc_cat=103&_nc_ohc=_K0p807vVTIAX-Tt7f8&edm=AMrZAGUBAAAA&ccb=7-5&oh=00_AfD0tR1HI7A1_N_tFlhG91ZTP6wnR7U6gqBcGaXp2Qveuw&oe=660E014F&_nc_sid=17eaee
1903966431,maxzherev,,https://scontent-iev1-1.cdninstagram.com/v/t51.2885-19/393379181_636392465376435_1859822449294415743_n.jpg?stp=dst-jpg_s150x150&_nc_ht=scontent-iev1-1.cdninstagram.com&_nc_cat=103&_nc_ohc=3fmK8agcvJsAX9kncSi&edm=AMrZAGUBAAAA&ccb=7-5&oh=00_AfCcvWgle9e6YPJvoy1bjE-wdyzyOyihkD6pcMGbbR9PTg&oe=660DFDA6&_nc_sid=17eaee
4403288168,biodegradable_a,,https://scontent-iev1-1.cdninstagram.com/v/t51.2885-19/290624818_1101381217476615_5007571553891902647_n.jpg?stp=dst-jpg_s150x150&_nc_ht=scontent-iev1-1.cdninstagram.com&_nc_cat=103&_nc_ohc=VxcmNJTBt8YAX9-kSAP&edm=AMrZAGUBAAAA&ccb=7-5&oh=00_AfCYErhMdbiTiRZwxjELLhMNhZ-PtsX5Du_s1knhEshoyw&oe=660DD2AB&_nc_sid=17eaee
3611345739,marynabohun,,https://instagram.fiev6-1.fna.fbcdn.net/v/t51.2885-19/411500936_368266219081289_4934883063770570497_n.jpg?stp=dst-jpg_s150x150&_nc_ht=instagram.fiev6-1.fna.fbcdn.net&_nc_cat=105&_nc_ohc=YpIBBLE1qq8AX_AGQdX&edm=AMrZAGUBAAAA&ccb=7-5&oh=00_AfBMc8iX0d6C8mruNftCQOJy6B6z1EMs0QudYmwYWlV5yA&oe=660DF57F&_nc_sid=17eaee
4436652637,d_golovenko,,https://instagram.fiev6-1.fna.fbcdn.net/v/t51.2885-19/19761622_124717788140952_6312471962174095360_a.jpg?stp=dst-jpg_s150x150&_nc_ht=instagram.fiev6-1.fna.fbcdn.net&_nc_cat=100&_nc_ohc=Gula54o0NAAAX-jDFSW&edm=AMrZAGUBAAAA&ccb=7-5&oh=00_AfDOEO6X08umrEk1FSQx59-GAU9KakBg9GQBOUsJ5FBG1Q&oe=660DEB82&_nc_sid=17eaee
5903773483,yurii_chopiuk,,https://scontent-iev1-1.cdninstagram.com/v/t51.2885-19/242437386_593108691713287_131015779778838027_n.jpg?stp=dst-jpg_s150x150&_nc_ht=scontent-iev1-1.cdninstagram.com&_nc_cat=107&_nc_ohc=-Psbmifxgu0AX96N1ZT&edm=AMrZAGUBAAAA&ccb=7-5&oh=00_AfAIjHsnRgni5ramgK0UKHQI4Wq14Hje310lGrJwdrsDHg&oe=660DFA0C&_nc_sid=17eaee
11810637306,artem.ginkul,,https://instagram.fiev6-1.fna.fbcdn.net/v/t51.2885-19/431453811_799115155571938_1954086098885458749_n.jpg?stp=dst-jpg_s150x150&_nc_ht=instagram.fiev6-1.fna.fbcdn.net&_nc_cat=110&_nc_ohc=CmpNC1ttq_QAX_s8c02&edm=AMrZAGUBAAAA&ccb=7-5&oh=00_AfAMkBYqJ9rq0MwRouLHlkLUZ6_PPoq4kSDvCPE4v8qRBg&oe=660DEC07&_nc_sid=17eaee
5632852835,duty_and_law,,https://scontent-iev1-1.cdninstagram.com/v/t51.2885-19/318461551_1201546377240418_3198946487716379505_n.jpg?stp=dst-jpg_s150x150&_nc_ht=scontent-iev1-1.cdninstagram.com&_nc_cat=110&_nc_ohc=Db7-clDbrxgAX8q7ffb&edm=AMrZAGUBAAAA&ccb=7-5&oh=00_AfBZtXzObPKKvsrwSjwbfK6fK5B0I6MsIJy4yf97MCwRTQ&oe=660DEAAF&_nc_sid=17eaee
